{"cameraMode":{"drawMode":0,"name":"Shaded","section":"Shading Mode"},"sceneLighting":true,"audioPlay":false,"sceneViewState":{"showFog":true,"showMaterialUpdate":false,"showSkybox":true,"showFlares":true,"showImageEffects":true,"showParticleSystems":true},"in2DMode":false,"pivot":{"x":102.55717468261719,"y":11.13020133972168,"z":44.944923400878909},"rotation":{"x":-0.0677216649055481,"y":-0.7530672550201416,"z":0.07843505591154099,"w":-0.6497592926025391},"size":3.4899840354919435,"orthographic":false}