{"cameraMode":{"drawMode":0,"name":"Shaded","section":"Shading Mode"},"sceneLighting":true,"audioPlay":false,"sceneViewState":{"showFog":true,"showMaterialUpdate":false,"showSkybox":false,"showFlares":true,"showImageEffects":true,"showParticleSystems":true},"in2DMode":false,"pivot":{"x":93.40794372558594,"y":15.05284309387207,"z":56.058448791503909},"rotation":{"x":-0.023855000734329225,"y":0.5547091960906982,"z":-0.016150569543242456,"w":-0.8315870761871338},"size":18.482141494750978,"orthographic":false}