{"cameraMode":{"drawMode":0,"name":"Shaded","section":"Shading Mode"},"sceneLighting":true,"audioPlay":false,"sceneViewState":{"showFog":true,"showMaterialUpdate":false,"showSkybox":true,"showFlares":true,"showImageEffects":true,"showParticleSystems":true},"in2DMode":false,"pivot":{"x":97.46753692626953,"y":10.784153938293457,"z":45.043338775634769},"rotation":{"x":-0.08415946364402771,"y":-0.6103360652923584,"z":0.0654398649930954,"w":-0.7849439978599548},"size":1.0814175605773926,"orthographic":false}